Schulz|PREFIX_REDUCED|0|20|id,asc
Schmidt|PREFIX_REDUCED|0|20|id,asc
Meier|PREFIX_REDUCED|0|20|id,asc
Wagner|PREFIX_REDUCED|0|20|id,asc
Huber|PREFIX_REDUCED|0|20|id,asc
Müller|PREFIX_REDUCED|0|20|id,asc
Anders|PREFIX_REDUCED|0|20|id,asc
Schön|PREFIX_REDUCED|0|20|id,asc
Maier|PREFIX_REDUCED|0|20|id,asc
Sauer|PREFIX_REDUCED|0|20|id,asc
Schulz|PREFIX_REDUCED|0|20|id,asc
Schmidt|PREFIX_REDUCED|0|20|id,asc
Meier|PREFIX_REDUCED|0|20|id,asc
Wagner|PREFIX_REDUCED|0|20|id,asc
Huber|PREFIX_REDUCED|0|20|id,asc
Müller|PREFIX_REDUCED|0|20|id,asc
Anders|PREFIX_REDUCED|0|20|id,asc
Schön|PREFIX_REDUCED|0|20|id,asc
Maier|PREFIX_REDUCED|0|20|id,asc
Sauer|PREFIX_REDUCED|0|20|id,asc
